Max,Min,Mean,Std,RMS,Skewness,Kurtosis,Crest Factor,Form Factor,Fault
0.4270000000000001,-0.957,-0.11438798828125,0.11300253484651672,0.1607904264266649,0.002203670170927352,0.7488885759918742,2.655630745495603,-1.4056583111796974,Inner Race
0.63,-0.8540000000000001,-0.11429228515625,0.11219438130886024,0.1601552091429592,-0.0170722981194816,0.8112154444171273,3.9336841016369535,-1.4012775133860484,Inner Race
0.645,-0.718,-0.114114599609375,0.11157602229924896,0.15959555985242627,0.04875413051452759,0.5291529868972842,4.041465818951443,-1.3985551401725709,Inner Race
0.815,-0.728,-0.115023779296875,0.11041313939746132,0.15943944270058108,0.060862003517160077,0.963834198755559,5.111658609661143,-1.3861433146712194,Inner Race
0.474,-0.71,-0.115375,0.11321600100661515,0.1616435202435246,-0.018932974962133548,0.6504811655460476,2.9323786025316303,-1.4010272610489671,Inner Race
0.5,-0.747,-0.114183349609375,0.11483741780050225,0.16194080995145846,-0.00506691318762835,0.6192065289865649,3.08754785251398,-1.4182524028719008,Inner Race
0.637,-0.964,-0.114507470703125,0.11438255743184693,0.16184774158164247,-0.02158328277383969,0.9641584621486556,3.9357978911226987,-1.4134251729413627,Inner Race
0.664,-0.701,-0.113991650390625,0.1153983818818746,0.16220429299502412,0.005632221762016429,0.6838838166951784,4.093603120728559,-1.4229488952847398,Inner Race
0.491,-0.828,-0.11434443359375,0.11575366052766735,0.16270496358679798,0.017021844178475628,0.8490533900371293,3.0177321525785348,-1.4229373347973044,Inner Race
0.486,-0.82,-0.114641552734375,0.11218582939627926,0.16039866394856406,-0.031439561509327724,0.6587017429143249,3.0299504249976077,-1.3991319911743385,Inner Race
0.8909999999999999,-0.667,-0.1144701171875,0.11195625495335558,0.1601155792871785,0.0043506740374422825,0.7612063054776539,5.564730202811362,-1.3987543930344026,Inner Race
0.706,-1.104,-0.115065283203125,0.11432246644947967,0.16220051654775758,-0.04428743806352334,1.5764894998178018,4.35263718652911,-1.4096390503938936,Inner Race
0.591,-0.8640000000000001,-0.11421533203125,0.11552671219596455,0.16245279813254598,0.07220342260472315,1.0143445499000734,3.6379798119438993,-1.4223379229690278,Inner Race
0.493,-0.688,-0.113684814453125,0.1153254109531334,0.1619368334787036,0.041554505755384434,0.5051061319701944,3.0443969380495184,-1.4244368014997648,Inner Race
0.5710000000000001,-0.977,-0.11506767578125003,0.11538495604080905,0.16295277845993453,0.006171964349765885,0.9959886898504521,3.5040826268598586,-1.41614730073906,Inner Race
0.693,-1.318,-0.115487646484375,0.11593530908274645,0.16363904205288046,-0.1279342912014108,2.044040410641336,4.234930682227136,-1.4169397942923718,Inner Race
0.483,-0.647,-0.114441162109375,0.11252074201531913,0.16049012044286598,0.028434968883303463,0.3702426107122698,3.0095310456941586,-1.402381079366186,Inner Race
0.605,-1.028,-0.114322998046875,0.11407073653927215,0.16149688993595007,0.010367116140432094,0.8700202963472656,3.746202172933138,-1.4126369382801938,Inner Race
0.552,-0.779,-0.11405029296875,0.11264137477156153,0.1602963789408934,0.013177015945437446,0.5350356837870809,3.443621145076152,-1.4054885328950004,Inner Race
0.598,-0.752,-0.11414375,0.11165249807410403,0.15966986968478508,0.028377231571356,0.6393029763121363,3.7452275822642784,-1.3988489924747094,Inner Race
0.535,-0.935,-0.11446953125,0.11748679408299717,0.16402971190220006,-0.021312528496276958,0.814437253373542,3.2616042166737738,-1.432955216213485,Inner Race
0.762,-0.845,-0.11495078125,0.11470164823656195,0.16238690776198678,-0.024111141688772326,0.9235284083139992,4.692496522668417,-1.4126646726203682,Inner Race
0.647,-0.742,-0.114600537109375,0.11360545357375205,0.16136558493666836,0.005606392418463647,0.9444616196463372,4.0095290470637215,-1.4080700580195422,Inner Race
0.5539999999999999,-0.7809999999999999,-0.11488291015625,0.1164526921718251,0.16358071521614334,0.003981148386575544,0.7025437070752276,3.386707285562272,-1.4238907683802615,Inner Race
0.466,-1.086,-0.114888818359375,0.11324684319872888,0.16131851060939775,-0.03540111855889428,0.8725446399763159,2.8886951549430733,-1.4041271632265342,Inner Race
0.649,-0.8859999999999999,-0.11546494140625,0.1171692505501032,0.1644995915648425,-0.08426359245304732,0.9117376340951536,3.945298549535772,-1.424671329335108,Inner Race
0.513,-0.742,-0.114273681640625,0.11401443857016985,0.16142221590323114,-0.01701267258244796,0.6365600441589718,3.1780012257267716,-1.4125931149298383,Inner Race
0.662,-0.747,-0.11438876953125003,0.11345821465985638,0.16111154060347446,0.03862739598229077,0.6800811483499047,4.1089545635300295,-1.4084559285294191,Inner Race
0.8420000000000001,-0.757,-0.114928466796875,0.11453240702777545,0.16225160778406986,0.0463364006242043,0.9006864730610786,5.189470918035915,-1.4117617010486525,Inner Race
0.444,-0.989,-0.114823583984375,0.1131380232104069,0.16119566596099716,-0.004039368850078193,0.7569721584244324,2.7544164872734855,-1.4038550301907695,Inner Race
0.8079999999999999,-0.759,-0.1146869140625,0.11429699959346525,0.16191434307122854,0.021425994922867342,0.9481890120468872,4.9902929207732285,-1.4117944003880984,Inner Race
0.476,-0.659,-0.11501796875,0.11145707160979797,0.1601599368478077,0.0277849749287288,0.3369967367470688,2.9720291439195563,-1.3924775284106006,Inner Race
0.52,-0.903,-0.11441484375,0.11425451936123797,0.1616917260029483,-0.007270349305070447,0.6824634659068809,3.215996345975788,-1.4132058455304082,Inner Race
0.637,-0.723,-0.114375146484375,0.11094307052793756,0.15934063523505038,0.04856759213549428,0.5558084970281856,3.9977247427207336,-1.3931403817420962,Inner Race
0.708,-0.833,-0.114136181640625,0.11476236350655827,0.16185433250664585,0.0442261533493823,1.0053227774567173,4.374303665741719,-1.4180808415009767,Inner Race
0.457,-0.72,-0.11395444335937502,0.11249702601896283,0.16012675627818068,-0.009632331994701513,0.4393008120230246,2.8539889936075107,-1.405182207535281,Inner Race
0.911,-1.541,-0.114368212890625,0.11327333962813516,0.16096680118578605,-0.061037726751042874,2.265570785622812,5.659552114404846,-1.4074435292586511,Inner Race
0.532,-1.155,-0.114546142578125,0.11496652402050295,0.16228824679818352,-0.07032043496459447,1.5289624841151674,3.278117858168609,-1.416793644425839,Inner Race
0.557,-1.052,-0.11533681640625,0.11759195091205925,0.16471118040138852,-0.05353382279462165,1.1069437071123476,3.3816769368213726,-1.4280884936274605,Inner Race
0.613,-0.732,-0.11523828125,0.11493432123410233,0.1627547684353288,-0.003957550774236554,0.5059490319992261,3.766402704468704,-1.41233248769344,Inner Race
0.43,-0.8009999999999999,-0.11487890625,0.1142894526739214,0.16204506872125113,-0.04088144893766851,0.5980034296858245,2.653582755669555,-1.4105728719997377,Inner Race
0.583,-0.918,-0.11488271484374997,0.1172565320373987,0.1641537728253984,-0.03628270433620341,0.9327246465755836,3.5515479782490647,-1.4288813861046123,Inner Race
0.508,-0.583,-0.1138181640625,0.11378847878130235,0.16094023784078984,0.09004659492906032,0.5771626298326491,3.1564511573702227,-1.4140118949064588,Inner Race
0.51,-0.71,-0.114425,0.11420358852425767,0.1616629314900876,0.0350564896683192,0.5416046689460412,3.1547120623089207,-1.412828765480337,Inner Race
0.481,-0.708,-0.114548876953125,0.1157541360994525,0.16284904355361784,-0.004858952288008202,0.5625207825300604,2.9536556648036516,-1.4216555228233094,Inner Race
0.649,-0.747,-0.11461728515625,0.1119859093930384,0.16024154771244958,0.015417016487886563,0.5781100853768897,4.050135618788569,-1.3980574351765802,Inner Race
0.525,-0.7809999999999999,-0.1147189453125,0.1143752919985682,0.1619922994408222,-0.02016407175415339,0.5124648413215502,3.2408947944577395,-1.412079748463057,Inner Race
0.513,-0.762,-0.112347802734375,0.1149429294271736,0.16072728671062475,-0.021301866925626814,0.7821884169368043,3.1917418037648524,-1.4306224314028986,Inner Race
0.813,-0.8079999999999999,-0.114429931640625,0.1182479126609412,0.16454815514410406,0.014027209731182022,0.7885489462896733,4.940802887081963,-1.4379817656527027,Inner Race
0.508,-0.898,-0.114789501953125,0.1164264056901896,0.16349640922686384,-0.001407167211342933,0.6543183179411716,3.1071018770516905,-1.4243149978438672,Inner Race
0.74,-0.63,-0.115557080078125,0.11340141367176365,0.16190333985152414,0.03559903104503332,0.5392007656927302,4.570628380357244,-1.4010681106001095,Inner Race
0.564,-0.742,-0.11473115234375,0.11302711684927284,0.1610519874940426,0.01665230135047084,0.5377097400783097,3.5019747894813325,-1.4037337218710149,Inner Race
0.642,-0.7979999999999999,-0.11416806640625,0.11686770648537935,0.16337607324389258,0.001799506673163029,0.7243258693523664,3.929583979176704,-1.4310137535529703,Inner Race
0.515,-0.981,-0.11527294921875,0.1155709457385152,0.16322942179835412,0.026406394227560952,0.8243519573385063,3.1550684571817365,-1.4160253806693066,Inner Race
0.889,-0.955,-0.114175,0.11217842207317363,0.16006034659084445,0.009297316671445677,1.1761876960076032,5.554155160444038,-1.4018861098387954,Inner Race
0.588,-0.947,-0.115412158203125,0.11677386209477315,0.16418110519403376,-0.04276234966638487,0.9580499033531128,3.581410901730046,-1.4225633395146773,Inner Race
0.454,-0.828,-0.11673564453125,0.11136337985245123,0.16133321889657828,-0.020736169103502327,0.5103483222445933,2.814051582836353,-1.3820390468087882,Inner Race
0.486,-0.667,-0.11439716796875002,0.11486040872996678,0.16210793116826902,0.006050070039397326,0.4504552504226687,2.998002605409411,-1.4170624504668874,Inner Race
0.496,-0.603,-0.113652099609375,0.11325812212440088,0.16044804652835645,0.055575166251287986,0.4700423687540893,3.091343339679368,-1.4117473155341629,Inner Race
0.515,-0.972,-0.11587011718750002,0.11719545874792345,0.16480287911575986,-0.029625307920278187,0.9133211891617092,3.1249454060705872,-1.4223070030133589,Inner Race
0.486,-0.708,-0.11467675781250003,0.11237747121534476,0.16055789667155507,0.0006782336779827393,0.4588848986719372,3.026945482439801,-1.4000910013001249,Inner Race
0.83,-1.13,-0.1146884765625,0.11328555511161414,0.1612030924384478,-0.019746338224384503,1.1567985023088492,5.148784601119975,-1.4055735787073556,Inner Race
1.047,-0.784,-0.115562060546875,0.11673351225126395,0.16425783802764368,0.04045839667245936,1.1246472643357084,6.374125049812207,-1.4213820457192037,Inner Race
0.581,-1.272,-0.1141833984375,0.11414967244754695,0.16145389422661038,-0.04799379624769959,1.3334224023079972,3.5985505508125497,-1.413987466093721,Inner Race
0.623,-0.728,-0.114584814453125,0.11441743706127927,0.16192711440910498,-0.002116976746993531,0.7562776094861561,3.8474100046395283,-1.413163822640277,Inner Race
0.41,-0.674,-0.11463056640625,0.10744619918950596,0.15711234442121744,0.03541249718668437,0.27667330294392123,2.60959761952754,-1.3705972965745654,Inner Race
0.361,-0.71,-0.11501831054687503,0.10895528204586896,0.15842943412037774,-0.0007815644053917527,0.3066722774939037,2.2786169880888747,-1.3774279361876978,Inner Race
0.339,-0.706,-0.114822705078125,0.10824725537586606,0.15780098147939187,0.007777104845316391,0.2809955045810693,2.148275611608106,-1.3743012008994613,Inner Race
0.583,-0.623,-0.115095654296875,0.11083493542186006,0.1597835808980678,0.021754600115085933,0.5634396750576971,3.648685282450382,-1.3882677141391093,Inner Race
0.61,-0.698,-0.114256689453125,0.11125125052498712,0.15947045961630127,0.01883997481577,0.5926852832624694,3.8251598538544944,-1.3957209891130768,Inner Race
0.679,-0.8859999999999999,-0.11571376953125,0.11238354132266117,0.16130443303637845,0.038794249385291815,0.8527991479130215,4.2094317385987,-1.3939951458656448,Inner Race
0.618,-0.7709999999999999,-0.1176693359375,0.115429347699855,0.16483129662675186,-0.01882527342627975,0.847604172562936,3.749287985032448,-1.4008007720405755,Inner Race
0.474,-0.845,-0.116639013671875,0.11263197514772973,0.1621419190224936,-0.02845941421236216,0.6536990968828382,2.9233649315217676,-1.390117370836364,Inner Race
0.513,-0.625,-0.114855224609375,0.11389548730081432,0.16175064525446065,0.04501844501454656,0.5027782414953189,3.1715483990370843,-1.408300282417086,Inner Race
0.779,-0.964,-0.116082958984375,0.1135391136622177,0.16237534987813534,0.016303537644630276,1.000421601015839,4.797526229102193,-1.3987871372230565,Inner Race
0.496,-0.7959999999999999,-0.11522333984375,0.11309008564521253,0.1614470843191547,0.003268578322869019,0.6186158786172098,3.0722140451882582,-1.4011665044433443,Inner Race
0.537,-0.6759999999999999,-0.11458125,0.1087814295907164,0.15799267221189806,0.01442206453478636,0.2900995937654009,3.3988918123986256,-1.3788702096712857,Inner Race
0.422,-0.935,-0.11701479492187497,0.1139411750102648,0.16332305311172202,0.016260736457443487,0.6110156686482195,2.583836096373539,-1.395747035413469,Inner Race
0.601,-0.789,-0.114671533203125,0.1117509979002803,0.1601163210896905,0.04930246479018242,0.695169844313094,3.75352116454977,-1.3963040051628703,Inner Race
0.464,-0.659,-0.11399384765625,0.1124098365245158,0.16009357157661344,0.026591526265404484,0.398253774304056,2.8983050064440024,-1.4044053680807211,Inner Race
0.664,-0.725,-0.116289599609375,0.11334519111751555,0.16238773360506828,-0.00865387530437104,0.6552037665813599,4.088978799438555,-1.3964080549811866,Inner Race
0.457,-1.006,-0.1148201171875,0.11163543042084036,0.16014218718747258,-0.014211804618432857,0.669229734929095,2.853713990211754,-1.3947223806257063,Inner Race
0.8690000000000001,-0.8009999999999999,-0.11520161132812498,0.11219341295105624,0.16080472177433686,-0.003620264649280361,1.0345476855787377,5.40407016915523,-1.3958547968250374,Inner Race
0.696,-0.83,-0.116252734375,0.11489941884680832,0.16345008436255087,-0.00924251402539308,0.9534912878553664,4.258180732756263,-1.4059891600941183,Inner Race
0.5489999999999999,-0.813,-0.114606201171875,0.1118695136138422,0.1601522973597612,0.021059282085337583,0.6832765512082064,3.427987041401868,-1.3974138896688555,Inner Race
0.476,-0.735,-0.11347993164062503,0.11152442046376444,0.15910620332201658,0.00942691783235804,0.43785591702524185,2.9917123912297687,-1.4020646736542242,Inner Race
0.527,-0.73,-0.11563017578125,0.11149932320300696,0.1606294792055423,0.009835949889619831,0.5786465717158631,3.2808423622269736,-1.3891657443245808,Inner Race
0.4370000000000001,-0.735,-0.115049755859375,0.1117119608647308,0.1603602169177938,0.026440986407836976,0.5742919453968716,2.725114797169559,-1.393833613291641,Inner Race
0.522,-0.762,-0.1135544921875,0.11365732041125418,0.16066106690162602,0.029636489806742543,0.56429800329258,3.24907589664909,-1.4148367343877877,Inner Race
0.596,-0.981,-0.115217919921875,0.11351737473224666,0.16174280271009164,0.046649739863072484,0.9815567781607436,3.6848625720198034,-1.4037990168522696,Inner Race
0.574,-0.8079999999999999,-0.114323046875,0.11211058242045048,0.16011848121732775,-0.0007706447387174543,0.7570033190694625,3.5848453947106425,-1.4005791972322097,Inner Race
0.613,-0.8690000000000001,-0.11474169921875,0.11378124608641768,0.16158959546728635,-0.013448593119201376,0.7710902577020193,3.7935610781580382,-1.4082900686281707,Inner Race
0.603,-0.784,-0.116990869140625,0.11408363253889088,0.16340533398218104,0.006032894405905718,0.5353551783081114,3.6902100152113495,-1.3967357895748693,Inner Race
0.525,-0.994,-0.1152580078125,0.11463688390504387,0.16255885652875854,0.04014606874053527,0.9233107098720006,3.2295994891371635,-1.4103909968078474,Inner Race
0.586,-0.74,-0.11561650390625,0.11278236696852215,0.16151290099400728,0.012053419185096186,0.6070428572740045,3.628193143665612,-1.3969709819713396,Inner Race
0.417,-0.8640000000000001,-0.115783349609375,0.11383696893785725,0.1623699688584973,0.019898425564503625,0.4744310244564312,2.5682089054498034,-1.4023602651529279,Inner Race
0.632,-0.945,-0.11451669921875,0.1123525773197722,0.16042618136691014,-0.04328153522807683,0.6196381069358678,3.9395065980817376,-1.4008977071585318,Inner Race
0.635,-0.706,-0.11549541015625,0.11252119083992274,0.16124388342323642,0.044469627716589764,0.5677430571878568,3.93813387843828,-1.3961064184723426,Inner Race
0.581,-0.754,-0.116193505859375,0.11282145151816705,0.16195366377141449,0.06980355525758529,0.6429297438111723,3.5874458562421787,-1.3938271556021506,Inner Race
0.444,-0.6859999999999999,-0.1146107421875,0.11298042760653422,0.1609334520121982,-0.009100174733084769,0.4755388321749137,2.7589043449235553,-1.4041742417906649,Inner Race
0.439,-0.73,-0.114568701171875,0.11428028551879495,0.16181882848405846,0.026013096287898285,0.4076271243730356,2.7129105068465384,-1.4124174126867266,Inner Race
0.547,-0.779,-0.11524130859375,0.11669595229962287,0.16400560829063515,0.023748417231048858,0.5692735170661587,3.3352517984059338,-1.4231494790534671,Inner Race
0.449,-0.825,-0.11477255859375,0.11557296626661075,0.16287786385864794,-0.03656550401149833,0.6284478260113007,2.7566668015099984,-1.4191359489960655,Inner Race
0.52,-0.708,-0.11433310546875003,0.11488134403339345,0.16207756721079186,-0.0014752598084335075,0.5492141997680027,3.2083403579454517,-1.417590876643262,Inner Race
0.486,-0.8079999999999999,-0.11430068359374998,0.1159179593884239,0.16279116522883694,0.03395799142456196,0.44104878522704105,2.9854199969440938,-1.4242361472432914,Inner Race
0.5,-0.823,-0.115143994140625,0.11537126654865262,0.1629969895535363,0.020508471863805198,0.5879583048626325,3.0675413169871777,-1.4155926305150452,Inner Race
0.645,-1.135,-0.11460478515625,0.11636093518120535,0.16332012396096507,-0.07711595286164917,1.2480447489313578,3.9492989862912458,-1.4250724674218225,Inner Race
0.679,-1.125,-0.114794580078125,0.1143418451894392,0.16202226635534353,-0.004221354498616585,1.2140604376614252,4.190782015793018,-1.4114104188984975,Inner Race
0.73,-0.7859999999999999,-0.11469052734375,0.1146143122664554,0.16214103802226473,0.006544451805062246,0.7552915274342245,4.5022531550572555,-1.4137265018958038,Inner Race
0.5760000000000001,-0.862,-0.114594970703125,0.11624697338146787,0.16323206271694335,0.0235005921393453,0.6298986340203041,3.5287185030481867,-1.4244260608942416,Inner Race
0.381,-0.8690000000000001,-0.11480947265625,0.114428878730968,0.1620942440227675,-0.03432988634425632,0.5579369080946073,2.350484449938181,-1.4118542684025073,Inner Race
0.5589999999999999,-0.8590000000000001,-0.1138240234375,0.11426840256441716,0.1612840307476805,0.00714856018466873,0.5108796863633187,3.4659352039292903,-1.416959494813856,Inner Race
0.833,-0.999,-0.11468095703125,0.11426656579105132,0.16188864204098755,0.040220274097861095,0.8433426246221507,5.145512307090068,-1.4116436262114005,Inner Race
0.4370000000000001,-0.8079999999999999,-0.114065771484375,0.1121238320729675,0.15994417803687205,0.011872076744489035,0.4741717800726928,2.7322032309250925,-1.4022101104956064,Inner Race
0.513,-0.72,-0.11455234375,0.11258842012256673,0.16061685108220278,-0.0013145881161588813,0.4764077198637469,3.1939363556408513,-1.4021262754146204,Inner Race
0.466,-0.635,-0.114817578125,0.11204824951266414,0.16042840595574087,0.017991581506667218,0.4311864468396656,2.9047224973896486,-1.3972460365004835,Inner Race
0.789,-0.762,-0.11522158203125,0.11377014547457448,0.16192290434995602,-0.008868422428990065,0.6858744860199573,4.8726892786876705,-1.4053174890971367,Inner Race
0.4320000000000001,-0.6709999999999999,-0.11446738281250002,0.11497109703130437,0.16223590679354866,0.0016462728622051524,0.50134546657852,2.6627890738746047,-1.4173112270706358,Inner Race
0.623,-1.028,-0.114855712890625,0.11554076287491215,0.1629136299702334,0.024830671746269854,0.8555621206192106,3.8241122005189543,-1.418419910251857,Inner Race
0.508,-0.696,-0.115648974609375,0.11682251682968957,0.16438223561189824,0.047107867702456216,0.4419062581400115,3.0903582623086687,-1.4213894776596896,Inner Race
0.459,-0.945,-0.11480717773437503,0.11643685358737353,0.16351625895720392,-0.015901518940833036,0.7337883127488061,2.8070603065847486,-1.4242686057096992,Inner Race
0.479,-0.701,-0.114626513671875,0.1167021841496378,0.1635786428972602,0.014602522641761187,0.4754746048895808,2.9282551286407745,-1.4270576471121987,Inner Race
0.447,-0.759,-0.1141900390625,0.11361524358027753,0.16108121647411672,-0.03949405932346253,0.5265802073381121,2.7749976675388845,-1.4106415743141276,Inner Race
0.535,-0.942,-0.11409462890625,0.11404983790478915,0.1613205341737181,0.027932570869396496,0.7376778436291378,3.31637880286142,-1.4139187420143415,Inner Race
0.637,-0.85,-0.1148974609375,0.11672165337175724,0.16378249498668196,0.03540863253521611,0.6827230554445349,3.889304531914708,-1.4254666173674075,Inner Race
0.579,-0.74,-0.11635068359375,0.11435600010501865,0.16313840073069474,0.011650678836367126,0.5287852116968264,3.5491337257608664,-1.4021267060218463,Inner Race
0.684,-0.688,-0.114716943359375,0.11608354924714133,0.16320143847860036,0.016357855541071373,0.5415600966325123,4.1911395290164,-1.4226445867489468,Inner Race
0.41,-0.83,-0.11386640625000002,0.11322928104434656,0.16057958319494575,-0.0014280912264841847,0.5473829737038409,2.5532511160042963,-1.4102454664493789,Inner Race
0.679,-0.845,-0.11522802734375,0.1167633362776253,0.16404422963744794,0.02303147013070375,0.5647530787560693,4.139127609064027,-1.4236486852983148,Inner Race
0.515,-0.94,-0.11493720703125003,0.11662621853494327,0.16374239605436644,-0.015661539442292295,0.8161755305983092,3.1451842186858414,-1.4246248041319367,Inner Race
0.701,-0.732,-0.11446640625,0.11417400085051495,0.1616713460112637,0.0065965430485313324,0.729481032471174,4.335956972555675,-1.4123912098556315,Inner Race
0.581,-0.769,-0.11523203125,0.11217147688233038,0.16081121501624196,0.057376890677216776,0.5012524264479543,3.612932095198204,-1.3955426566017592,Inner Race
0.488,-0.8420000000000001,-0.11402265625,0.11741035989781125,0.1636633301767114,-0.00985253640708167,0.6701163098131769,2.98173084632394,-1.435357985503091,Inner Race
0.439,-0.823,-0.114689404296875,0.110002405830851,0.1589138065128094,0.03169209093898012,0.33878496847062634,2.762503835465133,-1.385601464120077,Inner Race
0.823,-1.475,-0.115530859375,0.11689605199435744,0.16435145030923826,-0.02597369433944225,2.1947561383422967,5.007561530193197,-1.4225761947790256,Inner Race
0.474,-0.872,-0.11485078125,0.11379644819601112,0.16167776986812768,-0.028362944057335207,0.5281321235244238,2.9317574109700897,-1.407720244551037,Inner Race
1.14,-1.272,-0.114981103515625,0.11708374037508686,0.1640993207193341,-0.010642121502144858,2.074571111647137,6.947012303297642,-1.4271851260936483,Inner Race
0.64,-0.664,-0.11574599609375,0.11577082855350908,0.16370511878975794,0.018618074722081903,0.5387713454588146,3.90946846825196,-1.4143480061043563,Inner Race
0.735,-0.72,-0.11431943359375,0.1136129742530338,0.1611713701216038,0.04305891735539629,0.5961235311162874,4.560363291851664,-1.4098335257183714,Inner Race
0.493,-1.145,-0.112868701171875,0.11772999023189673,0.16309205231799884,-0.03383571520983454,1.0741845816693676,3.0228327683236373,-1.4449714635206476,Inner Race
0.498,-0.754,-0.11445234375000002,0.11164875843639592,0.15988800951271329,-0.002907943125757384,0.3727799904856486,3.1146800908820005,-1.3969832707136087,Inner Race
1.172,-0.903,-0.114255810546875,0.11689969666117125,0.16346027670521934,0.06519223064140428,1.38579977300087,7.169937697545679,-1.4306517622415147,Inner Race
0.457,-0.8590000000000001,-0.11390078125,0.11270800897560684,0.16023689646358372,0.032905333903969436,0.5411196105991074,2.852027280145558,-1.4068112150335554,Inner Race
0.637,-0.715,-0.11619946289062502,0.11780456706342755,0.16546768132917414,-0.007760343489846878,0.5736482327327774,3.8496943625672753,-1.4239969550024838,Inner Race
0.623,-0.8370000000000001,-0.114159619140625,0.11333613245613562,0.1608628930528359,0.016713041405391822,0.7311709959698374,3.8728633321009203,-1.4091050256105047,Inner Race
0.5589999999999999,-0.789,-0.113862744140625,0.11523162507337385,0.16199507265485924,-0.003131141149430697,0.5860302037959655,3.4507222401201347,-1.4227223652258802,Inner Race
0.649,-0.8540000000000001,-0.11503486328124997,0.1172435884871354,0.1642510505816858,0.01942024250533767,0.716132463318218,3.9512684862690577,-1.427837143424134,Inner Race
0.54,-0.83,-0.1143482421875,0.1126432397212158,0.16050981400096695,0.025765704282439218,0.6058354390396588,3.3642802676024965,-1.403692885263374,Inner Race
0.818,-0.764,-0.114763720703125,0.11586169893525725,0.1630766365985541,0.050718358675691716,0.7545982859476785,5.016046547573037,-1.4209772530851168,Inner Race
0.547,-1.279,-0.11546992187499998,0.1168310376382342,0.16426237467653693,-0.07085858748035076,1.7377105075434882,3.3300383065637797,-1.4225555193010038,Inner Race
0.498,-0.8059999999999999,-0.1138662109375,0.11406432020960187,0.16116931423680658,-0.07293823442492244,0.5786043226814521,3.0899182164930417,-1.4154270429290985,Inner Race
0.513,-0.752,-0.114117041015625,0.1159211406423728,0.16266454364662766,0.0004985578651648719,0.5012007711654656,3.1537296850286003,-1.4254185194335305,Inner Race
0.417,-0.645,-0.115546533203125,0.11414080312631457,0.16241455641279706,-0.004690739661242804,0.3529990158030873,2.5675038568596156,-1.4056203324359409,Inner Race
0.605,-0.696,-0.11412568359375,0.11522775042926592,0.16217724196847105,-0.026553050525223387,0.5957592346342122,3.730486427421293,-1.4210407058394394,Inner Race
0.61,-0.7929999999999999,-0.114043994140625,0.11392114429979235,0.161193753059449,-0.002051693014927605,0.6673209103972386,3.784265757340045,-1.4134348263941432,Inner Race
0.532,-0.745,-0.11552626953125,0.11621419803342276,0.1638639658875808,-0.024357829448107125,0.517598498579876,3.2465954129596724,-1.418413028936725,Inner Race
0.581,-0.7979999999999999,-0.11496708984375,0.11496037524421435,0.16258128525880908,0.018830804463469318,0.5711950571896853,3.573597041474488,-1.4141550027905443,Inner Race
0.496,-0.664,-0.1141447265625,0.11369290400563645,0.1611038915333441,0.024258416558920123,0.5860263403874275,3.078758652439762,-1.4114002143159157,Inner Race
0.5,-0.747,-0.115514013671875,0.11709453752503934,0.16448084564466578,0.01085374565524457,0.6352386415619007,3.0398676395436888,-1.4239038227161271,Inner Race
0.588,-0.645,-0.11431630859375,0.11529835420166187,0.1623615711464885,0.03382438401149595,0.6196282413802838,3.6215466249059953,-1.4202835373514262,Inner Race
0.408,-0.735,-0.113550341796875,0.11243412991995942,0.15979517025100248,0.011558298863390172,0.3082545306111051,2.5532686586154214,-1.407262785142935,Inner Race
0.581,-0.8640000000000001,-0.115042529296875,0.117145051670418,0.1641861035877523,-0.0028751359721994737,0.7184620322789121,3.5386673250910894,-1.4271774498634238,Inner Race
0.486,-0.967,-0.115355029296875,0.11661057353326892,0.16402482945497726,-0.03186058094708077,0.7140183079681832,2.9629660437074303,-1.421913118610952,Inner Race
0.547,-0.645,-0.11383696289062503,0.1143844412982314,0.1613753874474919,0.03240524382564956,0.4464001692768425,3.389612311096587,-1.41760095622493,Inner Race
0.62,-0.6859999999999999,-0.1153849609375,0.11429637808120174,0.16240909266080594,0.01927025109796346,0.3945485405347209,3.8175202498968464,-1.4075412544341657,Inner Race
0.522,-0.728,-0.11466796875,0.11381617801706413,0.16156185474967866,0.009373957499307093,0.35560176063446525,3.2309606794795624,-1.4089536643133276,Inner Race
0.925,-0.72,-0.113372265625,0.11495004760907294,0.16145011262674144,0.09046311456323317,0.8220889583712419,5.729323968565568,-1.4240706202411788,Inner Race
0.498,-0.693,-0.115212060546875,0.1160279828253836,0.16351041051169532,0.04374765825894877,0.4165022814975221,3.0456776326445576,-1.4192126217998655,Inner Race
0.474,-0.813,-0.115169677734375,0.11657031223978973,0.1638658868020488,-0.05928717714205909,0.6948395779299026,2.892609372520563,-1.422821440726662,Inner Race
0.425,-1.169,-0.11502958984375,0.11568448574729916,0.16313814183173875,-0.0131888124405018,0.8662226274247096,2.60515410576606,-1.4182276234605098,Inner Race
0.698,-0.75,-0.114448681640625,0.11507896729009405,0.16229917683936165,0.06525284342996372,0.5387793271828145,4.3006995697264525,-1.4180956435041316,Inner Race
0.52,-1.077,-0.11495126953124997,0.11531670878801177,0.16282226008413667,0.020360151779016976,0.7498813771587199,3.193666515446325,-1.416445949210441,Inner Race
0.635,-0.7759999999999999,-0.113982861328125,0.11638734263349135,0.16290317607520924,-0.0013560235817517106,0.8098995068484625,3.8980209919715305,-1.4291900920635447,Inner Race
0.52,-0.674,-0.115153759765625,0.11675649299588015,0.16398719893947705,0.034412268673206146,0.5389778884951301,3.1709792188835237,-1.4240716002086586,Inner Race
0.491,-0.7809999999999999,-0.1139376953125,0.11979837679016204,0.16532618888267142,-0.007098675298831414,0.6673995879325587,2.9698864004447145,-1.4510227579136716,Inner Race
0.515,-1.758,-0.115717333984375,0.11798442217302872,0.16525781541773032,-0.16648186971878826,3.1242341453132774,3.116342780510617,-1.4281163394245209,Inner Race
0.652,-0.901,-0.11557353515625,0.11589655048102925,0.16367222300082335,-0.031849286967460914,0.5387402673433406,3.983571482356661,-1.4161738911901087,Inner Race
0.542,-0.715,-0.1148408203125,0.11525811672960486,0.1627027929327736,-0.011925353143835093,0.6016377230954459,3.3312273884809493,-1.4167679444472236,Inner Race
0.479,-1.113,-0.11401162109375,0.11619011087035175,0.16278246963931653,0.0009180547477255039,0.8611059190788262,2.942577300008649,-1.4277708542137386,Inner Race
0.564,-0.813,-0.114834423828125,0.11842164125692707,0.1649543732784065,0.02579830523352324,0.5516092346774348,3.4191272943584985,-1.4364540507931405,Inner Race
1.094,-0.823,-0.11408310546875,0.11930486327316893,0.16506941070823056,-0.025650141319501833,1.3558130907459258,6.627515027200929,-1.4469224871639463,Inner Race
0.74,-0.898,-0.113940380859375,0.11518180072975105,0.16201422719765424,0.00602159857652216,0.5687651726398921,4.567500106624673,-1.421921060608108,Inner Race
0.505,-0.969,-0.11528544921875,0.118349013315593,0.16521664517762732,-0.07237714155490248,0.7116794007526122,3.0565927510334423,-1.4331092631138096,Inner Race
0.6809999999999999,-0.825,-0.114794140625,0.11758136716351765,0.16432406262806962,0.02168616113083466,1.0626476220779235,4.144250021017144,-1.4314673356445071,Inner Race
0.557,-1.499,-0.11434375,0.12025596754166222,0.165937592984908,-0.15722082947927196,2.3329035888572616,3.3566836181036983,-1.4512169924889469,Inner Race
0.447,-0.737,-0.11541752929687503,0.11704299961269342,0.16437640015444546,-0.0008645896185622385,0.4746467278456947,2.7193684712647674,-1.4241892124690978,Inner Race
0.747,-0.916,-0.11368759765625,0.11702736572620576,0.1631551576529225,0.046496115278261016,1.0410844440099742,4.578463903599553,-1.4351183507830327,Inner Race
0.8109999999999999,-1.006,-0.11472241210937502,0.11676011311861405,0.16368717171955435,-0.09138900679301763,1.348005980679284,4.954572746784876,-1.426810757461209,Inner Race
0.522,-0.784,-0.11488818359375,0.11717215509000188,0.16409734391893732,0.01847017967216,0.48100646514157,3.1810386904120977,-1.4283222067396697,Inner Race
1.057,-1.172,-0.11387167968749998,0.12015230718318475,0.1655374019528895,0.101004863985101,1.7451857713372654,6.385263919393957,-1.453718803544276,Inner Race
0.425,-0.664,-0.114054052734375,0.11656674777998854,0.16308117661464067,0.0014435055569670242,0.4039017367423341,2.6060641014644568,-1.4298586740661192,Inner Race
0.823,-0.8640000000000001,-0.11536171875,0.11978480231866565,0.16630100545114726,0.015007903773737171,0.96315387378296,4.9488576317824196,-1.4415614404249435,Inner Race
0.442,-1.606,-0.114341357421875,0.11802774955093813,0.16432837697280292,-0.10584614390297152,1.7926551118712952,2.689736295960332,-1.4371735711208613,Inner Race
0.667,-1.018,-0.11426264648437498,0.11767123094016735,0.16401766634435108,-0.03572011349435947,0.9044867725358708,4.066635106243067,-1.435444315275683,Inner Race
0.867,-1.06,-0.115130322265625,0.12012560754664373,0.16638644204292344,0.015395047303553306,1.4383404185392274,5.210761101414358,-1.4452008712269733,Inner Race
0.8029999999999999,-0.94,-0.11545234375,0.11680161175679388,0.16422909012403605,-0.019443069939547454,0.8809412873978233,4.889511349015722,-1.4224838127119963,Inner Race
0.518,-1.206,-0.114241943359375,0.1181346701504266,0.16433605958071293,-0.04222745424541995,1.1369954954266641,3.1520775252955766,-1.4384914572378644,Inner Race
1.03,-1.521,-0.115049169921875,0.11640380436431745,0.1636627494472723,-0.03974767518233562,2.6681502309614045,6.293429650171177,-1.4225461127482164,Inner Race
0.645,-0.7809999999999999,-0.11485693359375003,0.11641966331139612,0.16353895990329032,0.00039644005174027685,0.6417687951408064,3.9440143216113417,-1.4238492599996535,Inner Race
1.135,-1.111,-0.11434370117187498,0.12072105090586137,0.16627490047898652,0.06496015620885752,1.9638290848369115,6.826045282423363,-1.4541675560165006,Inner Race
1.633,-1.069,-0.11497392578125,0.1174542899758061,0.16435887634799345,0.2595686136707722,4.770486355319401,9.93557534758564,-1.4295317414898354,Inner Race
1.116,-0.969,-0.11378349609375,0.11939677190424106,0.1649290060928679,0.04875617169814897,1.5619222652519245,6.766547779785958,-1.4494984927952768,Inner Race
1.294,-0.74,-0.114878564453125,0.11797423267668605,0.1646642783379166,0.09607142704334773,1.5292618308756802,7.858413573735231,-1.4333768803762006,Inner Race
0.537,-1.5719999999999998,-0.1164400390625,0.12034789048940454,0.16745503944156176,-0.19951641329320371,2.356239824160898,3.2068309308027816,-1.4381224945457045,Inner Race
0.5489999999999999,-1.914,-0.11392431640625,0.11822141712269753,0.16417786360663092,-0.20924351681468292,3.305259415303269,3.3439343644731565,-1.4411134407967705,Inner Race
0.8759999999999999,-1.846,-0.114830908203125,0.12180850765240518,0.1673998970642138,-0.1666748210664031,3.789452629933274,5.232978128200227,-1.45779476696378,Inner Race
1.338,-0.862,-0.11575703125,0.11793802753215644,0.16525250210851575,0.16269933379223006,2.5970418396265336,8.096700400465831,-1.4275806862359883,Inner Race
1.436,-1.895,-0.11396279296875,0.12146282121199195,0.16655333904216318,0.07394337321704669,5.579505538627243,8.621862571223954,-1.4614711933905846,Inner Race
0.542,-2.141,-0.115235205078125,0.11915077701107868,0.16575695141791,-0.4028758104228959,7.326529586920527,3.2698477823322047,-1.4384228440044275,Inner Race
0.8640000000000001,-2.454,-0.11578388671875,0.11992803062685756,0.1666971465618863,-0.6649119495415191,13.750798202076075,5.183052126685566,-1.4397266431969884,Inner Race
1.052,-3.252,-0.11493828124999997,0.12063955018474568,0.16662532498327273,-0.8767365401254121,24.038461665399762,6.313566080699969,-1.4496938980743004,Inner Race
0.61,-1.694,-0.11479775390625,0.11510771960848876,0.16256587727172328,-0.16067493269244382,2.584464026784879,3.7523249665758938,-1.4161067768319169,Inner Race
1.919,-1.262,-0.114290673828125,0.121884105499975,0.16708491230485736,0.31282073016113715,7.427238801661197,11.485178245769186,-1.4619295407788608,Inner Race
1.038,-1.804,-0.113940087890625,0.11879267596397045,0.16460059065313032,-0.161351755145511,3.5196418559887146,6.306174211655296,-1.4446240449729693,Inner Race
1.094,-2.424,-0.112544091796875,0.12007575985252278,0.16457112957457978,-0.4098737537583385,12.339448079470367,6.647581521911016,-1.4622813774321062,Inner Race
1.025,-1.582,-0.11560537109375,0.12056242465074625,0.16703050718964854,-0.18893885419444406,4.071379946203082,6.136603529774367,-1.444833450291816,Inner Race
0.43,-0.894,-0.114558056640625,0.11553179828258388,0.16269755074240708,-0.04620231459000513,0.6193010089014819,2.6429408312409253,-1.4202191929005776,Inner Race
2.317,-1.597,-0.114644482421875,0.12237621225097,0.1676859070635764,0.2845727684119386,12.778303139952044,13.817499875654626,-1.46266007330834,Inner Race
0.53,-0.906,-0.11560029296875,0.11675687382857633,0.16430133805754596,0.014139041305597988,0.6159080817165741,3.2257801808915847,-1.4212882496929415,Inner Race
1.721,-1.165,-0.11455185546875,0.11630286207491773,0.1632416088243512,0.21442756629828894,4.9312533902686155,10.542655223716915,-1.4250455233253196,Inner Race
0.43,-1.13,-0.1139546875,0.11539383727072475,0.16217508532688135,-0.05456404321565169,0.9642604644019328,2.6514553646343932,-1.4231541403409258,Inner Race
0.647,-0.95,-0.11518369140625,0.11880786588927685,0.16547477916305706,-0.05147874253862434,1.0817735553685122,3.909961404828063,-1.4366163919806292,Inner Race
0.911,-1.108,-0.115025048828125,0.11892427161647168,0.1654480391606663,-0.033361350722808165,2.1986689680475937,5.506260482877827,-1.4383653025688807,Inner Race
1.074,-2.327,-0.11387924804687502,0.12428027760176792,0.16856249985516314,-0.4672171044352023,9.119986943633537,6.371523920936339,-1.480186274024038,Inner Race
1.265,-1.904,-0.11483359375,0.1223171527549351,0.16777219546251548,-0.0491109770183244,5.886042574677267,7.539985970336978,-1.4610027430454382,Inner Race
1.067,-3.127,-0.11410751953125,0.12412697921952415,0.16860391651460085,-1.2509375923450867,29.634628193400545,6.3284413675384545,-1.4775881309769967,Inner Race
1.001,-3.4810000000000003,-0.1140095703125,0.12225422734821062,0.16716323889390275,-1.4901753542407432,37.57742174147979,5.988158680242653,-1.4662211114006365,Inner Race
1.838,-2.915,-0.11591240234375,0.12585515809404915,0.1710977276934881,-0.7650277174728722,23.70528352518611,10.742398655887897,-1.476095087616944,Inner Race
0.579,-1.97,-0.114976611328125,0.12061413154679207,0.1666333686301025,-0.41779173245825535,5.965820103726815,3.474694202967718,-1.4492805685023826,Inner Race
1.287,-2.358,-0.1139892578125,0.12184213882773412,0.1668482328719726,-0.426783624935768,10.410569787593985,7.713596828967027,-1.463718915921182,Inner Race
0.984,-0.977,-0.115029541015625,0.1186726895410921,0.16527042957703633,0.012778566397437506,1.132750003640508,5.9538781530263725,-1.4367650963206648,Inner Race
1.548,-1.538,-0.114213720703125,0.12010250995840847,0.16573678700988315,0.33992374284535104,7.071809360925144,9.340111075688286,-1.4511110047862088,Inner Race
1.226,-2.678,-0.114435986328125,0.12287516419433095,0.16790820027831613,-0.2544908605574579,14.422715124018689,7.30160884321221,-1.4672674712381908,Inner Race
0.835,-2.112,-0.11541650390625,0.1205307223212261,0.16687694579858087,-0.19847165269359926,5.195756343827659,5.0036869742800665,-1.4458672733158764,Inner Race
0.596,-1.355,-0.114511962890625,0.1168249364565195,0.16358602939637565,-0.11788457957543975,2.010793134061089,3.643342907699456,-1.4285496926868966,Inner Race
0.94,-0.92,-0.11399355468749997,0.11589094075631284,0.16255640517457706,0.02987469758636517,1.1320681887916455,5.782608190618446,-1.4260140024601078,Inner Race
0.8109999999999999,-3.032,-0.115034033203125,0.11847805710788085,0.16513386511616304,-0.7629078265742048,19.44750305444517,4.911167066970205,-1.4355218235682712,Inner Race
1.768,-1.79,-0.115215966796875,0.11871948006113613,0.16543381078834254,-0.06198572462912745,7.3520193409160814,10.687053580975624,-1.43585837438661,Inner Race
1.479,-1.487,-0.11476982421875,0.12070826939637308,0.16655896073866375,0.08128584246031602,5.6446816032942975,8.879738402790574,-1.4512434942934498,Inner Race
1.689,-3.347,-0.113951611328125,0.12500892747002404,0.16914916087006426,-0.7427135980871785,27.219581814075667,9.98526975429363,-1.4843946382030284,Inner Race
0.8420000000000001,-2.375,-0.113945166015625,0.11965822902377375,0.16522982026819305,-0.4355850639641363,9.389093086247598,5.095932432979146,-1.4500818775018112,Inner Race
1.621,-1.824,-0.113650830078125,0.12452833657831415,0.1685914013100998,-0.3071774298364147,7.669944435157008,9.614962491582842,-1.4834154857840278,Inner Race
1.406,-1.877,-0.11487890625,0.12633698633918125,0.1707554329182347,-0.2651026390639208,8.672889563182197,8.233998625819744,-1.4863950092511844,Inner Race
1.863,-4.177,-0.115123193359375,0.13103865448911853,0.17442373744862502,-1.7176850177385528,56.520678594344304,10.680885682481897,-1.5151051005346432,Inner Race
2.097,-1.689,-0.114699365234375,0.1273797494346372,0.17140814649702876,0.2495863691095295,13.516092715878925,12.233957620190182,-1.4944123373898004,Inner Race
0.83,-1.521,-0.113326220703125,0.12062559181624645,0.1655072663800879,-0.1338619917594227,2.7259830363914404,5.014885558522263,-1.4604498884124881,Inner Race
1.416,-2.7,-0.114192529296875,0.12631116950385593,0.17027526614210775,-0.6326250649978574,18.043603909584263,8.315946479380273,-1.4911243948317336,Inner Race
1.096,-1.086,-0.113481103515625,0.11855854772675453,0.1641139962336108,0.13328164189298086,2.0237124044082524,6.678284760306977,-1.446179065495378,Inner Race
2.397,-1.958,-0.113996533203125,0.12448157620031168,0.1687901530643431,0.3180968249392486,19.331792902077588,14.201065384935456,-1.4806604053790298,Inner Race
0.535,-0.862,-0.114964990234375,0.11614447819978152,0.16341918530868133,-0.05281190985464782,0.780781421575655,3.273789420681803,-1.4214691357388407,Inner Race
1.904,-1.472,-0.11512890625,0.12103627859346015,0.1670440973777583,0.3761824886181965,8.84572884077158,11.39818784314324,-1.4509309852646866,Inner Race
0.632,-1.167,-0.113983447265625,0.11942683678156565,0.1650887614888484,-0.00960067520461395,0.9702839754524556,3.828243632699922,-1.4483573312546734,Inner Race
1.97,-1.721,-0.11511196289062503,0.12497646485193775,0.16990914664971504,0.07920265242750099,10.22747466952551,11.594431723333615,-1.4760337881750505,Inner Race
0.85,-2.9930000000000003,-0.11403291015625,0.12624327317757086,0.17011787216423646,-0.9987170338297604,20.384414049802,4.996535573754335,-1.4918313663234395,Inner Race
0.503,-0.925,-0.114764013671875,0.11811782970544595,0.1646873379683738,-0.07487869904606373,0.8234292853055578,3.0542724547323425,-1.4350085248781554,Inner Race
1.836,-2.227,-0.1156564453125,0.12646550184864996,0.17137431419674962,0.2054800524119028,12.643265580184867,10.713390793746047,-1.4817532540767766,Inner Race
2.251,-1.125,-0.114565673828125,0.12236196745748837,0.16762163829006946,0.6231757795372503,12.429156038809545,13.429053808104664,-1.4631052451325053,Inner Race
0.505,-0.7959999999999999,-0.1142072265625,0.11821680620257505,0.1643709873559656,-0.02377241542080219,0.5563501230402532,3.0723183459764734,-1.4392345589971351,Inner Race
1.045,-1.436,-0.114939208984375,0.12222609655229658,0.1677781600397624,-0.07528771220569809,2.8986868721415213,6.228462630370611,-1.4597121515128089,Inner Race
1.577,-2.837,-0.11372939453125,0.12659885735022086,0.17017891550145098,-0.4401542197966041,16.391130712243818,9.266717885427788,-1.49634943721335,Inner Race
2.139,-1.465,-0.112827099609375,0.1249110796104554,0.1683210336271974,0.4627742032127288,10.388379750285266,12.707859225351024,-1.4918493359303842,Inner Race
1.145,-3.015,-0.115173095703125,0.1221672342146879,0.16789564121170816,-0.7718702640911026,19.712234821938125,6.819712481732694,-1.457767894374247,Inner Race
0.994,-1.521,-0.115029541015625,0.11976823801750833,0.16605880203235798,-0.06841708312768692,2.574822927529609,5.985831451477715,-1.4436187484204728,Inner Race
2.173,-0.952,-0.113308056640625,0.12322937576032165,0.16740207069055146,0.5317390265060975,9.511282098944813,12.980723542045464,-1.4774065997927617,Inner Race
1.88,-2.295,-0.1149896484375,0.12668987728453626,0.17109108844961796,-0.02339968757814035,12.153705239854247,10.988298788885274,-1.4878825248571017,Inner Race
1.904,-1.76,-0.11374443359375,0.12927279247404794,0.17218720933505413,0.13039709956576426,10.838421401720016,11.057731914889574,-1.5138077872895173,Inner Race
1.152,-3.472,-0.11483212890625,0.12408632530107395,0.1690653191192867,-1.2555572499233325,31.879559398487444,6.813934436708385,-1.4722823719249616,Inner Race
0.894,-1.26,-0.115943505859375,0.12384254876821793,0.16964411148208733,-0.055979147524866095,2.24713409199319,5.269855771530255,-1.4631618237233956,Inner Race
1.357,-2.302,-0.114560498046875,0.12335345776626487,0.1683432216728762,-0.5985279129099207,13.568514415372686,8.060912619558371,-1.4694700576807442,Inner Race
1.577,-3.188,-0.1148740234375,0.12259396273962092,0.16800174734024345,-0.4057332824801158,23.909661650500468,9.386807131274654,-1.4624868383029073,Inner Race
0.955,-1.189,-0.115372314453125,0.11969269743204985,0.16624203208702024,-0.013684879564601923,1.4982885123700145,5.7446362271371925,-1.4409178915671603,Inner Race
2.021,-2.346,-0.115232861328125,0.1260666252730323,0.17079411676713466,-0.40439789080236416,17.316320582646913,11.832960281386544,-1.4821650247909688,Inner Race
1.533,-1.765,-0.11396279296875,0.12297324881942205,0.16765798432234372,0.1323529463260313,6.386473045150321,9.143614640222642,-1.4711642278573993,Inner Race
1.375,-2.654,-0.11518896484375,0.12364346708888495,0.16898360306689153,-0.5526759397487486,15.82105803312502,8.136884141686286,-1.4670120813752618,Inner Race
2.053,-2.024,-0.11434287109375,0.13004125154666282,0.1731594454677177,0.27547210965160096,13.113211696016837,11.85612482446268,-1.514387769096193,Inner Race
1.3769999999999998,-1.711,-0.1140078125,0.12491866952266292,0.16912035170071935,0.019716103292772992,4.371972383966096,8.14213065519626,-1.4834101978820031,Inner Race
1.001,-1.011,-0.11546826171875,0.11993620375779165,0.16648396336762813,-0.012250261030186286,1.6257618980203519,6.012591121401899,-1.4418157932708715,Inner Race
2.185,-1.013,-0.11388164062500003,0.12358674892887933,0.16805346410257366,0.3996586420291257,8.54772231971918,13.001814700269177,-1.4756853095922249,Inner Race
0.937,-0.916,-0.115002783203125,0.121115127491162,0.16701436464581984,0.01136110191454252,1.5646792125369924,5.610295868783835,-1.4522636756610383,Inner Race
1.465,-1.636,-0.115260400390625,0.12797325607126572,0.17222460480997806,-0.03745394891974773,5.901803035635893,8.506333933042786,-1.4942218162204683,Inner Race
0.923,-1.794,-0.11470849609375,0.12505084814151846,0.16969086639156142,-0.05652326967944327,4.078240049154578,5.4393027723140905,-1.4793225625839859,Inner Race
1.741,-3.213,-0.114618701171875,0.1266405425401617,0.17080541729164175,-0.7325351797269537,31.853851483195115,10.19288514150186,-1.4902054860621103,Inner Race
1.155,-0.835,-0.114648828125,0.11940353585149928,0.16553205735360976,0.08761571059445404,1.3450893176603709,6.9775004217623415,-1.4438181363104081,Inner Race
2.395,-2.031,-0.11443447265625,0.12492551265928215,0.16941331179940894,0.3075258385992788,12.781236452660725,14.137023676367063,-1.4804394852966205,Inner Race
1.206,-2.456,-0.114455712890625,0.13014059487296026,0.17330856201012004,-0.5001127389012572,13.718518634721255,6.958686783919988,-1.514197567191211,Inner Race
1.5619999999999998,-3.875,-0.115478173828125,0.1320121715981379,0.17538976920726626,-1.364748820906274,42.27851515795722,8.905878644233301,-1.5188131522439232,Inner Race
1.3430000000000002,-4.29,-0.11459853515625,0.12911841946912958,0.17263712365781514,-2.5422406033247493,71.55450932407224,7.779323308594778,-1.5064513994217474,Inner Race
0.767,-1.104,-0.11383095703125,0.12054310720252676,0.16579329892595174,0.02965818168510615,1.3746424373733312,4.626242465580983,-1.4564869105021805,Inner Race
1.794,-1.951,-0.11506240234375,0.12900301633692465,0.1728592550901238,0.10423955671076206,10.59271210408252,10.37838557770401,-1.502308760890505,Inner Race
2.5540000000000003,-2.6860000000000004,-0.11425537109375,0.1346960672738769,0.17662512412637182,0.06273305468903308,26.57016987634643,14.460003992255725,-1.5458802718468752,Inner Race
1.501,-2.009,-0.11401728515625,0.1213142039697795,0.16648230773587475,-0.0009914499714944347,6.745786361921468,9.015973050910286,-1.4601497264886314,Inner Race
1.482,-1.155,-0.115199853515625,0.12347812303198236,0.16887009398522326,0.2393152568231557,4.360009717208447,8.775976639947157,-1.4658880964837226,Inner Race
1.87,-1.599,-0.1140638671875,0.1294349125047489,0.17251998242504404,0.2300866756892136,11.272783827564533,10.83932408126967,-1.5124858263963028,Inner Race
1.3869999999999998,-0.8079999999999999,-0.113929296875,0.1210510329846203,0.16623032748973265,0.13048088016779827,2.1071798795093244,8.34384447739038,-1.4590656841507224,Inner Race
1.482,-3.0660000000000003,-0.116314111328125,0.12769974158650876,0.17272926863777496,-0.5320961882001889,18.468748209677628,8.579900856917625,-1.4850241872243803,Inner Race
1.76,-1.592,-0.114006689453125,0.12522892521034662,0.1693488801642651,-0.08651320445738485,7.5194681650609505,10.392746608615509,-1.4854293285473796,Inner Race
0.967,-3.33,-0.1150154296875,0.126190965328987,0.17073936643316914,-1.3474961488370394,29.850792083890504,5.663603070581286,-1.4844909669691495,Inner Race
1.223,-2.397,-0.11585908203125,0.127231682515525,0.17207683603553384,-0.3181241227855875,9.638495031328617,7.107290139548187,-1.4852252669248711,Inner Race
1.265,-0.928,-0.11412744140625,0.12162902883040598,0.1667872033202975,0.1312374188306452,2.358643915820505,7.584514727851745,-1.461411920439002,Inner Race
0.977,-1.7990000000000002,-0.11411611328125,0.12070609115349401,0.16610760466674904,-0.1792258152444922,3.8635299606242186,5.881729508772893,-1.4556016665005151,Inner Race
2.363,-1.907,-0.115360888671875,0.1266927845495092,0.17134296760832682,0.3541523612410287,13.976683443823436,13.791053306614751,-1.4852778058574394,Inner Race
1.3259999999999998,-1.7480000000000002,-0.114516796875,0.125957612294068,0.1702311434124203,-0.22500778520513345,5.396730204532651,7.789408996610506,-1.4865168085187963,Inner Race
3.357,-1.074,-0.114111865234375,0.12421090247716388,0.1686686477806134,1.0653584108875207,31.466923697249502,19.9029282808174,-1.4780991217187094,Inner Race
0.972,-0.8809999999999999,-0.114900341796875,0.12136184361116867,0.1671229082294768,-0.004631853753597326,1.1092474120878544,5.816078778771279,-1.4545031426009398,Inner Race
1.3130000000000002,-1.838,-0.115001171875,0.12297514096662095,0.16836691006919974,-0.18171263336978544,4.548252466515958,7.798444477364048,-1.4640451686197198,Inner Race
1.555,-2.18,-0.1142833984375,0.1266068198716138,0.17055556079004358,-0.1422209939288959,8.47823014120835,9.117263563832012,-1.4923913982424846,Inner Race
1.682,-1.902,-0.115867822265625,0.1274356169841858,0.1722335500184361,-0.07816729588921034,8.330338675129541,9.765809273628493,-1.4864657559852434,Inner Race
2.4290000000000003,-1.45,-0.1150189453125,0.12712681212518584,0.17143452108467316,0.1641594961053965,10.435662815299773,14.168674923997914,-1.490489419972468,Inner Race
1.26,-1.75,-0.11316318359375,0.12401609070389108,0.167884322968041,0.017098361970972316,4.814989277248372,7.5051677114596185,-1.4835595609499383,Inner Race
1.56,-2.639,-0.11360205078125,0.12500701649605178,0.16891245392168022,-0.27587030586830874,10.901588716446183,9.235553470339887,-1.4868785621391194,Inner Race
0.623,-0.693,-0.114836474609375,0.11817420984267407,0.16477826883682015,0.006156101538034652,0.4385011879328431,3.780838361743906,-1.4348948746234675,Inner Race
0.7959999999999999,-1.077,-0.11339853515625,0.1215226177553276,0.1662114716868619,0.030604945884010543,0.8694886115268594,4.789079790471042,-1.4657285604072556,Inner Race
0.645,-0.769,-0.11507578125,0.11947389481774676,0.16587872075706395,0.01512898090441119,0.6714721045025627,3.888383012940089,-1.4414737745442328,Inner Race
0.53,-0.713,-0.115717724609375,0.1181528041126488,0.165378339765738,-0.01123235729806692,0.531385119135876,3.2047727698243715,-1.4291530560594836,Inner Race
1.091,-0.947,-0.1140205078125,0.12214073748445152,0.1670877240240325,0.022795719493126348,1.293200248480729,6.52950422523608,-1.465418171078473,Inner Race
0.767,-1.182,-0.115051416015625,0.1223805619628057,0.16796755333876054,0.018033929653312592,1.2469319744622318,4.566358113540524,-1.4599346896864709,Inner Race
0.649,-1.46,-0.1149486328125,0.12348434244601067,0.1687033682676305,-0.09985585679288518,1.550562554905592,3.8469889882129,-1.4676413641457853,Inner Race
0.623,-1.006,-0.114746240234375,0.12125395868477146,0.16693862419478264,-0.033811889657878944,1.017409538024058,3.731910473115488,-1.4548504931734758,Inner Race
0.828,-0.933,-0.115365673828125,0.1199151429523712,0.1663976504526788,0.011876128027742504,1.024438299316155,4.9760317994121674,-1.4423497469497095,Inner Race
1.2990000000000002,-0.857,-0.1148189453125,0.12208948884227022,0.16759625790590466,0.06819019812101279,1.7286872296841151,7.750769714257653,-1.4596568314554872,Inner Race
0.73,-1.177,-0.11455717773437503,0.12424559930229825,0.16899574597664618,-0.05869218403049568,1.3638845633777468,4.31963535993906,-1.4752087064199366,Inner Race
0.925,-0.94,-0.11441796875000003,0.12257269491897127,0.16767469551373876,-0.036204304407310234,1.279431875745586,5.516634440073926,-1.465457719146397,Inner Race
0.579,-1.228,-0.114561279296875,0.12156422133951435,0.16703719660251762,-0.003263116106147337,1.3264053113586431,3.4662938062699333,-1.458059805439638,Inner Race
0.588,-1.125,-0.114715673828125,0.12076764278788935,0.16656469378832026,-0.11673647656294815,1.1446082816029248,3.530159883385992,-1.4519785154893396,Inner Race
1.016,-1.543,-0.115373095703125,0.12482706278715833,0.16997642773728394,-0.19242787821402152,3.4656095931000133,5.977299402775616,-1.4732761282115792,Inner Race
0.969,-1.611,-0.115356591796875,0.12313451163253752,0.16872614168726752,-0.12872908943000025,3.0064961064882927,5.743034187292883,-1.4626484629882959,Inner Race
0.984,-1.443,-0.1141201171875,0.12065426902923168,0.16607270386415102,-0.04592247504879112,1.7444501514148527,5.925115790280148,-1.4552447715357024,Inner Race
0.8059999999999999,-1.101,-0.115335546875,0.1240117392678526,0.16935303045939645,0.01577447109976549,1.6659963966522149,4.759288911533496,-1.4683506954099783,Inner Race
1.216,-3.457,-0.11500371093750003,0.12317488634261978,0.16851458492377225,-0.8969785278126435,28.473540157183407,7.2159926130433085,-1.4652969330298684,Inner Race
2.351,-2.874,-0.11454912109375,0.12752001373598856,0.17141196292895153,-0.2348258287537268,21.7493962677882,13.71549546384032,-1.4964057453453832,Inner Race
0.415,-0.937,-0.1147884765625,0.11796021870924513,0.1645913974817639,-0.006803241913512193,0.4615603846645855,2.5213954456275904,-1.4338669038102203,Inner Race
0.642,-0.833,-0.114315625,0.11986564613636252,0.16563554477045755,-0.078542311975297,0.7191963089732352,3.8759796448866206,-1.4489318041208938,Inner Race
1.023,-1.45,-0.11541396484375,0.12508549005991548,0.17019400436294385,-0.13041650424495674,3.1480787932626244,6.010787535255481,-1.4746396122285228,Inner Race
0.769,-1.528,-0.11545302734375,0.1254994399190932,0.17052490109814242,-0.2065921237665769,3.0876267719199584,4.50960531305288,-1.4770067534948337,Inner Race
0.742,-1.125,-0.1152626953125,0.12175756634041925,0.16765938691147375,-0.06270977926771829,1.2565183499460355,4.425639468619703,-1.4545849934960826,Inner Race
0.908,-0.8009999999999999,-0.11418046875,0.12046830893259015,0.16597916820295175,0.046739164856081684,0.8135612876121758,5.470566034466079,-1.4536563916755836,Inner Race
0.664,-0.789,-0.115420458984375,0.12034152704038174,0.16674309086018935,0.017559481229641943,0.7991286856049835,3.982173993384531,-1.4446580123439134,Inner Race
0.735,-1.208,-0.113205615234375,0.11832623819407427,0.16375569094953424,-0.0315152493797205,1.0156363282880596,4.488393629180863,-1.4465332890996885,Inner Race
1.169,-0.957,-0.1139767578125,0.11878752273382942,0.16462225818711454,0.06263577148579115,1.6757727564217726,7.101105360073969,-1.4443493686487383,Inner Race
0.601,-1.006,-0.115113330078125,0.1197941827512934,0.16613555991291604,-0.017846094872200232,0.5532394330095984,3.61752776055306,-1.4432347652540618,Inner Race
0.7809999999999999,-1.074,-0.113701611328125,0.11992143275505998,0.16525284944002291,-0.021816774160594708,1.1644784980788758,4.726090972993824,-1.4533905677302068,Inner Race
1.133,-1.023,-0.11449697265625,0.12049918184554535,0.1662194350427696,0.153040111114066,2.132104876437696,6.816290764725977,-1.4517365060978862,Inner Race
0.564,-1.108,-0.11541787109375,0.1205350912839518,0.16688104682396532,-0.01833645555739084,0.7553256798718473,3.3796528169848794,-1.44588567821021,Inner Race
0.879,-0.7709999999999999,-0.1145244140625,0.11718315568717196,0.16385073356755225,0.04453916661058272,0.9240564811681068,5.3646387834913565,-1.430705713788967,Inner Race
0.823,-0.94,-0.11426796875,0.1209047196648792,0.16635626273856885,-0.04468461686177267,1.3276217172065463,4.9472138075941015,-1.4558433527643226,Inner Race
1.06,-0.74,-0.115735595703125,0.12083993350020117,0.1673209629385149,0.09538266232173548,1.219010146125984,6.335129689574617,-1.4457173864444632,Inner Race
0.825,-2.297,-0.11558720703125,0.12240933552836335,0.16835592122327475,-0.5334934437924261,9.00047468691192,4.9003325455115965,-1.4565272883335458,Inner Race
1.023,-1.926,-0.1137630859375,0.12152392956514525,0.16646135912586818,-0.1674325867303753,3.8791002040010474,6.1455703916634965,-1.4632282321993266,Inner Race
0.845,-0.928,-0.112989111328125,0.12233511073646668,0.16652833945547188,-0.049235838650610125,1.4588792763378038,5.074211409079384,-1.4738441385901937,Inner Race
0.618,-0.8740000000000001,-0.11471591796875,0.11858945287609247,0.16499246490843908,-0.01726563335307715,0.7615080946152055,3.74562559776868,-1.4382700136992759,Inner Race
0.471,-0.945,-0.1148212890625,0.1180385809512982,0.1646704426650393,-0.05273293354217805,0.5064530900903677,2.8602582975869817,-1.4341455666414369,Inner Race
0.53,-0.867,-0.115279345703125,0.1198213314295974,0.16627019570120086,-0.016654189185813913,0.5411589900191314,3.1875827039528297,-1.4423242488675367,Inner Race
0.53,-1.172,-0.11454775390625,0.11898978501850865,0.16516375367296468,-0.03538116695906247,0.8484454837965814,3.208936514299836,-1.4418768421084942,Inner Race
0.569,-2.354,-0.114209130859375,0.12408088287885982,0.1686387835186219,-0.4688684120525581,8.481653205349186,3.3740755722254616,-1.4765788186083455,Inner Race
0.889,-0.718,-0.113252587890625,0.12016179181365373,0.1651190475187997,0.013180194019279069,0.8109271272121892,5.38399423542449,-1.4579715183044233,Inner Race
0.601,-1.167,-0.115015673828125,0.12077866819996765,0.16677943409986698,-0.04827112249518335,0.9316185071482636,3.6035618135034753,-1.4500583142180754,Inner Race
1.7380000000000002,-1.709,-0.113478271484375,0.12418824803415572,0.16822391621386099,0.10755933891531196,6.02665902154439,10.331467957210686,-1.4824328394623465,Inner Race
1.069,-3.218,-0.11440029296875,0.12793411190540604,0.17162099185050178,-0.8694022816720971,21.80936114599872,6.228841754575108,-1.5001796533631464,Inner Race
1.4580000000000002,-1.995,-0.11371401367187503,0.12206093005917293,0.16682032270787445,-0.18759484827345405,7.1010253073523115,8.739942330366791,-1.4670163977259585,Inner Race
0.479,-1.602,-0.114062158203125,0.12040526888172935,0.1658520329274618,-0.23198598822475056,2.8731273525891314,2.888116543072455,-1.4540495773550768,Inner Race
1.125,-1.602,-0.114201025390625,0.12765420342876765,0.17127952057943727,-0.16685217771699962,4.734664050105644,6.568210818165149,-1.4998072039508847,Inner Race
0.664,-1.057,-0.11446962890625,0.12091410693698625,0.16650166161426888,-0.058811265106060974,1.1614715063466372,3.987948189599908,-1.4545488022035333,Inner Race
0.764,-0.923,-0.11464873046875,0.12184717825506958,0.16730314195673002,-0.04192586695120901,0.8159831534286193,4.566560980651487,-1.4592672877640993,Inner Race
1.179,-1.487,-0.11462626953125,0.1248500727841296,0.16948734829027431,-0.0688876373585712,3.688654489845442,6.9562714379174375,-1.47860825431528,Inner Race
0.742,-1.414,-0.11472666015625,0.12657872465778267,0.17083207472224368,-0.11069578830651368,2.549061222399996,4.3434466344005935,-1.4890355431735038,Inner Race
1.135,-1.665,-0.115098779296875,0.1284022545748531,0.17243567768722667,-0.2558810633217914,4.067478040953433,6.582164522000634,-1.4981538356932722,Inner Race
0.898,-2.104,-0.114622802734375,0.12580698349885455,0.17019110194613768,-0.3111813622579742,5.625371426046651,5.276421562181318,-1.4847927104045406,Inner Race
1.36,-4.062,-0.11507177734375,0.13276002119634267,0.17568687077439793,-1.6243850734884262,46.895668146228935,7.7410451561084255,-1.5267589919079334,Inner Race
2.615,-1.643,-0.113664208984375,0.13108166104999375,0.17349672989195827,1.2333526573416158,26.286165273628804,15.072330191055707,-1.5263971961112952,Inner Race
1.821,-1.741,-0.114507177734375,0.13048226512453912,0.17359920488166666,0.0024652087117783693,6.003515169712111,10.489679380969967,-1.5160552230565745,Inner Race
1.848,-1.24,-0.113484130859375,0.12665640896557026,0.17005796245898966,0.7522538158303596,11.270607427658096,10.866883110196355,-1.4985175563420288,Inner Race
0.75,-1.101,-0.114152294921875,0.12176912943938195,0.16690639086190462,0.01369784923844213,1.08512538958259,4.493536743122896,-1.462137848180224,Inner Race
0.967,-1.5530000000000002,-0.1140603515625,0.12557107197197398,0.16963810889149067,0.00018289858701743292,2.2681606719798904,5.700370077920071,-1.4872662285153182,Inner Race
1.265,-2.688,-0.11493046875,0.12641031988126605,0.17084437762826,-0.4682471008101379,12.436901110512114,7.404399357832609,-1.4865020519483438,Inner Race
0.759,-1.199,-0.114071044921875,0.12230404965503602,0.16724160208153016,-0.029346658989753607,1.5207683772594092,4.5383444702352715,-1.4661179109569007,Inner Race
2.207,-2.617,-0.114944140625,0.13183764156502553,0.17490703390033374,-0.0976224839180058,13.957101008459544,12.61813176282894,-1.5216698558907842,Inner Race
1.465,-0.728,-0.1144408203125,0.12144997128804284,0.16687143752049435,0.13239795132988252,2.069720861267608,8.779213637565002,-1.4581461148637667,Inner Race
0.8640000000000001,-1.541,-0.11444697265625,0.12695560173297835,0.17092409825206406,0.022127913339734698,2.741358831494457,5.054875285788244,-1.4934785454347257,Inner Race
1.235,-1.455,-0.114422412109375,0.12260602095522655,0.1677020893474031,-0.043101192566300864,2.5337477266981843,7.364249335269981,-1.4656402207908246,Inner Race
1.416,-2.925,-0.115855615234375,0.13527007491081558,0.17810003731334711,-1.057648572583898,23.40667231207425,7.950587890718441,-1.5372585692376854,Inner Race
2.644,-0.828,-0.113870556640625,0.1273814744516676,0.17085593760831266,0.4806748555069496,11.37046597086889,15.475025550832019,-1.5004399965087842,Inner Race
0.579,-1.143,-0.114988720703125,0.12194763052546392,0.1676093802437773,-0.08678050327172925,0.7915691888152878,3.4544605985529024,-1.4576158358740854,Inner Race
1.985,-1.111,-0.1139837890625,0.13132919262185086,0.17389312478547347,0.2459923373844681,6.346048257845733,11.415057394873044,-1.5255952290735288,Inner Race
1.5619999999999998,-3.628,-0.11412421875,0.1341067028299048,0.17609107556753478,-1.1152888011674904,36.878291592809965,8.870409786332065,-1.542977270699036,Inner Race
1.575,-2.039,-0.114592041015625,0.1267572490651723,0.17087408087147646,0.11290337407508427,7.408139020623956,9.217313661424411,-1.4911513867544888,Inner Race
0.674,-1.787,-0.11460087890625,0.12702216991991444,0.17107660644704611,-0.16747377318233672,2.677949826895838,3.9397554931546144,-1.4928036161659497,Inner Race
2.524,-1.711,-0.1267236328125,0.13276415629022312,0.18353293886503724,0.3793441401703399,12.408568652534141,13.752299808461347,-1.4482929094732642,Inner Race
1.963,-1.421,-0.113933642578125,0.1346684877137112,0.1763961194777166,0.3319913600381684,7.53826350254238,11.128362720292026,-1.5482355824510807,Inner Race
1.96,-2.642,-0.114546484375,0.1337126971988844,0.1760656396707099,-0.4810533684056964,15.958975885610089,11.132211848181887,-1.5370671621340182,Inner Race
1.621,-2.366,-0.115055029296875,0.13620445100063908,0.17829303518781764,-0.13991331853568115,8.091367873259184,9.091774102630565,-1.549632695566662,Inner Race
3.044,-2.612,-0.114857763671875,0.1444514010634092,0.18454672656839344,1.1243880752194495,37.95897847035385,16.494467588791867,-1.6067414223352414,Inner Race
1.213,-1.912,-0.11492822265625,0.13538713122342344,0.17758737753611953,-0.332063018141716,6.870596797346886,6.83044041096495,-1.5452025049346052,Inner Race
1.421,-1.985,-0.11462065429687505,0.13581030548990464,0.1777116565150641,0.003331804462944455,6.858777828981839,7.996099005917183,-1.5504331013045802,Inner Race
1.763,-1.66,-0.113407373046875,0.13536513627045524,0.17659008371371146,0.2286232069085083,7.257997487456829,9.983573046254302,-1.5571305371893316,Inner Race
1.523,-4.045,-0.115142724609375,0.1438906914002179,0.18428610131714188,-1.4378613829225653,42.384110753562325,8.264323728782113,-1.6005014814643113,Inner Race
2.622,-4.797,-0.11516591796875,0.14461264549718442,0.18486477426926148,-1.4885329533553922,66.39493440264265,14.183340284076905,-1.6052038444170966,Inner Race
1.2009999999999998,-1.855,-0.11436406250000003,0.1360763727297789,0.17774986319878702,-0.11447760777513487,4.75646603466776,6.7566859314927195,-1.5542457946418875,Inner Race
1.602,-2.219,-0.114926318359375,0.1324530218932839,0.17535964481401325,0.016905051952105687,7.5978242897573045,9.135511204411278,-1.5258441000925742,Inner Race
1.396,-2.69,-0.114883642578125,0.13485935613019062,0.1771564540978274,-0.5464688921108024,12.680664919786052,7.8800403130055665,-1.5420511582173646,Inner Race
3.054,-1.99,-0.11361416015625,0.1418326829104525,0.18172425561307165,0.42362150679212857,19.931852806799764,16.805681716493552,-1.5994859739591614,Inner Race
2.029,-1.519,-0.11383256835937497,0.1334710949019309,0.1754181203392608,0.3320034983788636,8.493741561492925,11.566649990752888,-1.541018733632164,Inner Race
2.234,-3.799,-0.1141205078125,0.1493355239556519,0.1879454710751399,-1.6492365004232643,52.85149257358838,11.88642635132642,-1.6469035642913044,Inner Race
2.805,-1.45,-0.115105859375,0.13824555830541213,0.17988957740401126,0.6504542204511853,15.488676977209694,15.592898935441346,-1.5628185948202191,Inner Race
1.633,-2.253,-0.114748388671875,0.1350505376134954,0.17721441773601726,-0.06991301132978693,12.505226159458307,9.214825863844526,-1.5443739104935492,Inner Race
3.5860000000000003,-1.248,-0.1147353515625,0.13688699926999087,0.17860945250304505,0.9103077826374709,28.87451044869905,20.077324854567056,-1.5567081119348893,Inner Race
1.155,-1.899,-0.11442060546875,0.13567866010819435,0.17748204106991713,-0.09434892505650508,4.353959046630602,6.50770068361452,-1.5511370556275388,Inner Race
1.936,-3.445,-0.11531708984375,0.144694392601384,0.18502290715442507,-0.7155887825063704,31.954464655761193,10.463569240019359,-1.6044708325983914,Inner Race
1.746,-1.335,-0.11410659179687503,0.13173714673314982,0.17428179114471304,0.27123243141226705,5.442051612023787,10.018258296130474,-1.5273595363794399,Inner Race
1.509,-3.247,-0.114375830078125,0.14152397814592407,0.1819612291561464,-0.6507957568333471,19.970062068877674,8.292975415686392,-1.5909063045213037,Inner Race
1.885,-3.125,-0.115778759765625,0.14377258571157575,0.18459216752220792,-0.5938287999234271,22.604240921509987,10.211700882558947,-1.5943526074720815,Inner Race
1.477,-2.446,-0.115519677734375,0.1375625414446996,0.17963107959331362,-0.38983888624583135,8.793013671760574,8.222407855833975,-1.554982520002833,Inner Race
1.465,-2.69,-0.11395302734375,0.1415633848972495,0.18172645888635755,-0.3035855988590546,11.107797879290317,8.061566868015275,-1.5947488462782358,Inner Race
2.539,-2.397,-0.115501123046875,0.14495201843887134,0.1853390707394912,-0.2077869592354644,17.860059295426208,13.699216198017776,-1.6046516765406094,Inner Race
0.867,-1.934,-0.11450771484375,0.13221995591837313,0.17490934761416413,-0.1776817197684853,3.8992279027123415,4.956853431941967,-1.5274896355484378,Inner Race
1.638,-1.487,-0.114451611328125,0.1333306973635753,0.17571391001804074,0.0034667325093881178,4.792181717854591,9.321971150899918,-1.5352681188059547,Inner Race
1.658,-1.758,-0.11537529296875,0.14009734944865068,0.18148765023411376,0.1732741607518685,9.41464394861208,9.135607838115863,-1.5730200597043826,Inner Race
1.843,-2.156,-0.11494931640625003,0.13622905546909994,0.17824363867067602,0.17627092274879202,8.367430397137884,10.339779942470418,-1.5506280876063092,Inner Race
1.763,-3.525,-0.1151828125,0.14097433992507435,0.1820436058038362,-1.4174251511034732,36.57199143145658,9.684492856616712,-1.5804754359843072,Inner Race
2.373,-1.841,-0.11344379882812497,0.1412837277217501,0.18118943829271095,0.4095144550764861,15.730076072871931,13.096789870094009,-1.597173579908279,Inner Race
2.5540000000000003,-2.4730000000000003,-0.1144826171875,0.1400103704856655,0.18085412991854444,-0.0668189284904789,14.021150236313614,14.121878229434438,-1.5797518816532732,Inner Race
2.083,-1.228,-0.115711865234375,0.13477374390014896,0.17762970159483993,0.20897168471182434,6.626480211794617,11.726642455050492,-1.5351036061431558,Inner Race
1.885,-1.182,-0.1138943359375,0.1308931332119286,0.17350531838480485,0.3205562290155313,4.840379090823557,10.864220287584471,-1.5233884719255628,Inner Race
0.879,-2.422,-0.115129931640625,0.13251364152895515,0.17553891003292368,-0.5256452489864668,8.274275724894308,5.0074368117879775,-1.5247026340714218,Inner Race
2.407,-1.721,-0.11425537109375003,0.1341966332813932,0.17624456551905365,0.4940967135055702,13.184970606911815,13.657158692588348,-1.5425494997030784,Inner Race
2.966,-1.621,-0.114838720703125,0.14165114521421693,0.1823513064790307,1.0419128397654018,22.898423841083932,16.265307100177385,-1.5878904376724614,Inner Race
2.007,-2.72,-0.11675454101562502,0.13826654242308484,0.1809649859034804,-0.17697168904071084,15.11292226578988,11.090543233984802,-1.5499610064782166,Inner Race
1.899,-2.959,-0.116073193359375,0.13411104581705696,0.17736369587724082,-0.5985084969376885,22.335863495513056,10.706813424289262,-1.5280332240718482,Inner Race
1.775,-2.668,-0.11353383789062503,0.13440924207512595,0.17594003120403873,-0.31779924529559544,14.93285833811608,10.088664801596641,-1.5496704284191811,Inner Race
1.79,-2.522,-0.115048779296875,0.13206743958130826,0.1751490181658268,-0.07207094261434208,11.517421772297599,10.21986887934063,-1.5223891920997048,Inner Race
1.531,-3.0860000000000003,-0.116675244140625,0.14268857196086118,0.18431534667922905,-0.6577587368807509,16.806815294724974,8.306416300018995,-1.5797296850485227,Inner Race
0.632,-2.717,-0.11715556640625,0.13345600443828798,0.17758114259974578,-0.9209842385737694,15.512293383294132,3.558936443068617,-1.5157721314236436,Inner Race
1.846,-2.3680000000000003,-0.115078173828125,0.14440003692784836,0.1846438155559153,-0.2528314330492913,11.831051984191985,9.997627022828604,-1.604507696061375,Inner Race
1.367,-1.492,-0.114202734375,0.13896970267992295,0.17987189831846306,-0.061041006180958174,4.142669787228741,7.599853077548153,-1.5750226936583631,Inner Race
1.736,-3.564,-0.11415029296874997,0.1436603395130114,0.18348726060598186,-0.7267732035381727,30.677910498290586,9.461147298546592,-1.6074182188583055,Inner Race
2.454,-2.0580000000000003,-0.11473242187500003,0.1359067009476088,0.17785740947587408,0.06899606387785652,11.763298406515222,13.79756967804526,-1.550193106440725,Inner Race
3.04,-3.691,-0.11454501953125,0.1531512091385129,0.19124515440144166,-0.2334132572434022,43.276832945124944,15.895827580649456,-1.6696068950362908,Inner Race
2.139,-1.526,-0.113650439453125,0.14222489075946868,0.18205316324647286,0.39807367472301947,10.411653758549624,11.749315210217539,-1.601869417509472,Inner Race
1.3430000000000002,-1.775,-0.11408720703125,0.13833224343274245,0.17930634683586913,-0.044971864052345496,6.1061136555246645,7.489974692470514,-1.5716604122559923,Inner Race
3.882,-2.839,-0.11402553710937502,0.14401638164372704,0.18368867293454194,0.9365515449546532,61.859664233250044,21.133584003752716,-1.6109432815768716,Inner Race
3.025,-2.295,-0.114749609375,0.14915185481436005,0.18818252416827594,0.777958944688885,29.040778331585773,16.074818920459347,-1.6399404337255583,Inner Race
2.319,-1.7990000000000002,-0.11510717773437502,0.1390251613742461,0.18049020502877192,0.2750720129216553,12.518494920942905,12.848342654551963,-1.5680186812092365,Inner Race
2.62,-1.924,-0.11428701171875,0.1405174484721355,0.1811234668780008,0.4150466920186795,13.582456786971548,14.465270818633076,-1.5848123435384704,Inner Race
3.503,-3.064,-0.11415073242187497,0.14899664322336706,0.18769471335102084,0.6477682237442542,39.89684361337631,18.66328538219826,-1.644270775743638,Inner Race
1.902,-4.583,-0.115671337890625,0.14603958058814512,0.1862964737268177,-1.5558617771755547,52.00823565978337,10.209533019873817,-1.6105672945788307,Inner Race
1.682,-3.579,-0.11572177734375,0.14494497436070908,0.18547115547092152,-1.5167848050991064,44.28239596601321,9.068795607216167,-1.602733381116174,Inner Race
0.8590000000000001,-2.8560000000000003,-0.115724853515625,0.13600734494244388,0.17857585608629495,-0.7592308933046498,13.254128790889053,4.81028073349903,-1.5431072121615077,Inner Race
1.736,-1.87,-0.114356494140625,0.1351927655369255,0.1770694755453968,0.04716305822756386,5.252596373618927,9.804061341758064,-1.5483989508077538,Inner Race
1.499,-3.66,-0.11452885742187502,0.14075574497132234,0.1814609366591144,-0.7333745515593053,23.94952374996201,8.260731084045734,-1.5844123546146138,Inner Race
1.6869999999999998,-1.611,-0.11446606445312503,0.1346045671305281,0.17669177886024262,0.12396131517305285,6.514452704805436,9.547699450885947,-1.5436171384454267,Inner Race
1.1909999999999998,-2.668,-0.114571923828125,0.13542436373017702,0.1773854236553574,-0.5340847117126979,10.683345494832832,6.714193170200933,-1.5482451348330506,Inner Race
1.873,-1.65,-0.11383720703125,0.13794839335374814,0.17885116646556642,0.018288574458042856,4.370781043669264,10.472394656484402,-1.5711134446268444,Inner Race
2.456,-1.543,-0.11504033203125,0.14090686290995505,0.18190121643095875,0.7429922253339272,15.61344704588764,13.5018338425031,-1.5811951618980584,Inner Race
0.967,-0.94,-0.114264697265625,0.13430336198504678,0.17633188409816694,0.02831006601705884,1.215980132836706,5.483977018368696,-1.5431877764333255,Inner Race
1.038,-1.392,-0.11394873046875,0.1348746668175951,0.17656330503135054,0.04707557881186602,2.5496961744490845,5.87891124838025,-1.54949778119531,Inner Race
0.8809999999999999,-1.34,-0.114830126953125,0.13626871237143615,0.1781971193091463,0.0057365988704673465,1.6476933918022416,4.943963198819123,-1.5518324679888968,Inner Race
1.042,-1.023,-0.115052880859375,0.1361740992566725,0.17826846401893934,-0.018950062678483662,1.7084747438838708,5.845116833952737,-1.5494480684654084,Inner Race
1.812,-1.294,-0.11490625000000003,0.14355164798238615,0.18387364064121928,0.2645414020981798,5.345762242825182,9.854593587645539,-1.6002057385148265,Inner Race
1.956,-1.7380000000000002,-0.11465439453125,0.1420411722158335,0.1825385976949464,0.08863317195633019,5.747328681626346,10.71554194400471,-1.5920767663658455,Inner Race
1.367,-2.617,-0.114455224609375,0.1440436575116984,0.183977065406814,-0.24100934872709606,8.320105768319317,7.430273969080117,-1.6074151794704925,Inner Race
1.587,-2.1630000000000003,-0.114311181640625,0.14503405626407265,0.18466428087440026,-0.06570799763776294,8.997964832316784,8.59397384532313,-1.6154524712635154,Inner Race
0.7859999999999999,-1.25,-0.11531171875,0.13893822990615132,0.18055381923577524,-0.11126138442863512,1.5732299034191983,4.353272632652573,-1.5657889865228918,Inner Race
2.422,-2.92,-0.1144953125,0.14919800569074249,0.1880641767331368,-0.3490439366081799,23.06343780381503,12.878582418366788,-1.6425491369625875,Inner Race
1.416,-1.66,-0.113347802734375,0.14378053623418974,0.18308347158703156,0.052130286936422764,4.405830808760746,7.734177136393673,-1.615236177238289,Inner Race
1.123,-2.158,-0.11428935546875,0.13897286941870732,0.17992935326946727,-0.0762193713745026,4.236014969678834,6.241338500884643,-1.5743316823469629,Inner Race
1.086,-1.641,-0.114985302734375,0.1412814952160373,0.18215681734021272,-0.14738581916723972,2.48143148988817,5.961895996303487,-1.5841747858942388,Inner Race
